1504732470697,107,74
1504732490695,109,56,80,69
1504732510692,101,45,86,102
1504732530693,93,61,97,134
1504732550692,108,71,128,170
1504732570691,95,84,151,176
1504732590691,110,68,153,198
1504732610690,119,65,155,211
1504732630688,101,48,184,226
1504732650689,111,48,191,231
1504732670688,89,50,175,0
1504732690688,93,54,183,0
1504732710688,101,65,209,0
1504732730686,89,73,217,0
1504732750685,66,73,229,0
1504732770686,86,59,234,0
1504732790683,73,71,0,0
1504732810685,103,109,0,0
1504732830683,135,137,0,0
1504732850683,166,163,0,0
1504732870682,164,194,0,0
1504732890681,166,202,0,0
1504732910678,172,220,0,0
1504732930679,187,0,0,0
1504732950678,0,0,0,0
1504732970678,0,0,0,0
1504732990676,0,0,0,0
1504733010676,0,0,0,0
1504733030675,0,0,0,0
1504733050676,0,0,0,0
1504733070676,0,0,0,0
1504733090673,0,0,0,0
1504733110673,0,0,0,0
1504733130674,0,0,0,0
1504733150672,0,0,0,0
1504733170671,0,0,0,0
1504733190671,0,0,0,0
1504733210671,0,0,0,0
1504733230670,0,0,0,0
1504733250670,0,0,0,0
1504733270669,0,0,0,0
1504733290668,0,0,0,0
1504733310668,0,0,0,0
1504733330668,0,0,0,0
1504733350665,0,0,0,0
1504733370668,0,0,0,0
1504733390665,0,0,0,0
1504733410666,0,0,0,0
1504733430663,0,0,0,0
1504733450664,0,0,0,0
1504733470662,0,0,0,0
1504733490663,0,0,0,0
1504733510662,0,0,0,0
1504733530660,0,0,0,0
1504733550659,0,0,0,0
1504733570661,0,0,0,0
1504733590658,0,0,0,0
1504733610659,0,0,0,0
1504733630658,0,0,0,0
1504733650656,0,0,0,0
1504733670658,0,0,0,0
1504733690656,0,0,0,0
1504733710655,0,0,0,0
1504733730655,0,0,0,0
1504733750655,0,0,0,0
1504733770653,0,0,0,0
1504733790653,0,0,0,0
1504733810653,0,0,0,0
1504733830651,0,0,0,0
1504733850652,0,0,0,0
1504733870652,0,0,0,0
1504733890650,0,0,0,0
1504733910648,0,0,0,0
1504733930647,0,0,0,0
1504733950648,0,0,0,0
1504733970646,0,0,0,0
1504733990646,0,0,0,0
1504734010646,0,0,0,0
1504734030644,0,0,0,0
1504734050645,0,0,0,0
1504734070644,0,0,0,0
1504734090644,0,0,0,0
1504734110642,0,0,0,0
1504734130643,0,0,0,0
1504734150642,0,0,0,0
1504734170641,0,0,0,0
1504734190639,0,0,0,0
1504734210639,0,0,0,0
1504734230639,0,0,0,0
1504734250639,0,0,0,0
1504734270638,0,0,0,0
1504734290637,0,0,0,0
1504734310636,0,0,0,0
1504734330637,0,0,0,0
1504734350636,0,0,0,0
1504734370633,0,0,0,0
1504734390634,0,0,0,0
1504734410634,0,0,0,0
1504734430634,0,0,0,0
1504734450631,0,0,0,0
1504734470632,0,0,0,0
1504734490631,0,0,0,0
1504734510629,0,0,0,0
1504734530627,0,0,0,0
1504734550628,0,0,0,0
1504734570627,0,0,0,0
1504734590626,0,0,0,0
1504734610628,0,0,0,0
1504734630627,0,0,0,0
1504734650625,0,0,0,0
1504734670624,0,0,0,0
1504734690623,0,0,0,0
1504734710622,0,0,0,0
1504734730621,0,0,0,0
1504734750621,0,0,0,0
1504734770620,0,0,0,0
1504734790621,0,0,0,0
1504734810619,0,0,0,0
1504734830618,0,0,0,0
1504734850619,0,0,0,0
1504734870617,0,0,0,0
1504734890618,0,0,0,0
1504734910615,0,0,0,0
1504734930616,0,0,0,0
1504734950615,0,0,0,0
1504734970615,0,0,0,0
1504734990614,0,0,0,0
1504735010613,0,0,0,0
1504735030611,0,0,0,0
1504735050610,0,0,0,0
1504735070610,0,0,0,0
1504735090611,0,0,0,0
1504735110609,0,0,0,0
1504735130608,0,0,0,0
1504735150606,0,0,0,0
1504735170608,0,0,0,0
1504735190606,0,0,0,0
1504735210604,0,0,0,0
1504735230605,0,0,0,0
1504735250604,0,0,0,0
1504735270604,0,0,0,0
1504735290603,0,0,0,0
1504735310600,0,0,0,0
1504735330602,0,0,0,0
1504735350600,0,0,0,0
1504735370600,0,0,0,0
1504735390598,0,0,0,0
1504735410598,0,0,0,0
1504735430598,0,0,0,0
1504735450596,0,0,0,0
1504735470595,0,0,0,0
1504735490596,0,0,0,0
1504735510596,0,0,0,0
1504735530593,0,0,0,0
1504735550594,0,0,0,0
1504735570591,0,0,0,0
1504735590593,0,0,0,0
1504735610591,0,0,0,0
1504735630591,0,0,0,0
1504735650589,0,0,0,0
1504735670590,0,0,0,0
1504735690588,0,0,0,0
1504735710586,0,0,0,0
1504735730587,0,0,0,0
1504735750586,0,0,0,0
1504735770584,0,0,0,0
1504735790584,0,0,0,0
1504735810584,0,0,0,0
1504735830583,0,0,0,0
1504735850583,0,0,0,0
1504735870583,0,0,0,0
1504735890582,0,0,0,0
1504735910581,0,0,0,0
1504735930579,0,0,0,0
1504735950579,0,0,0,0
1504735970578,0,0,0,0
1504735990576,0,0,0,0
1504736010576,0,0,0,0
1504736030577,0,0,0,0
1504736050574,0,0,0,0
1504736070575,0,0,0,0
1504736090574,0,0,0,0
1504736110573,0,0,0,0
1504736130573,0,0,0,0
1504736150571,0,0,0,0
1504736170569,0,0,0,0
1504736190568,0,0,0,0
1504736210570,0,0,0,0
1504736230570,0,0,0,0
1504736250569,0,0,0,0
1504736270567,0,0,0,0
1504736290567,0,0,0,0
1504736310566,0,0,0,0
1504736330565,0,0,0,0
1504736350566,0,0,0,0
1504736377154,0,0,0,0
1504736397153,0,0,0,0
1504736451612,0,0,0,0
1504736455374,0,0,0,0
1504736475374,0,0,0,0
1504736495373,0,0,0,0
1504736515371,0,0,0,0
1504736535370,0,0,0,0
1504736555373,0,0,0,0
1504736575374,0,0,0,0
1504736595361,0,0,0,0
1504736615371,0,0,0,0
1504736635371,0,0,0,0
1504736655370,0,0,0,0
1504736675369,0,0,0,0
1504736695367,0,0,0,0
1504736715366,0,0,0,0
1504736735364,0,0,0,0
1504736755365,0,0,0,0
1504736775360,0,0,0,0
1504736795362,0,0,0,0
1504736815361,0,0,0,0
1504736835360,0,0,0,0
1504736855358,0,0,0,0
1504736875358,0,0,0,0
1504736895353,0,0,0,0
1504736915353,0,0,0,0
1504736935352,0,0,0,0
1504736955351,0,0,0,0
1504736975350,0,0,0,0
1504736995347,0,0,0,0
1504737015348,0,0,0,0
1504737035346,0,0,0,0
1504737055344,0,0,0,0
1504737075343,0,0,0,0
1504737095344,0,0,0,0
1504737115342,0,0,0,0
1504737135339,0,0,0,0
1504737155339,0,0,0,0
1504737175338,0,0,0,0
1504737195339,0,0,0,0
1504737215337,0,0,0,0
1504737235337,0,0,0,0
1504737255333,0,0,0,0
1504737275324,0,0,0,0
1504737295331,0,0,0,0
1504737315331,0,0,0,0
1504737335331,0,0,0,0
1504737355329,0,0,0,0
1504737375328,0,0,0,0
1504737395326,0,0,0,0
1504737415326,0,0,0,0
1504737435325,0,0,0,0
1504737455323,0,0,0,0
1504737475323,0,0,0,0
1504737495322,0,0,0,0
1504737515321,0,0,0,0
1504737535319,0,0,0,0
1504737555320,0,0,0,0
1504737575317,0,0,0,0
1504737595316,0,0,0,0
1504737615315,0,0,0,0
1504737635315,0,0,0,0
1504737655312,0,0,0,0
1504737675313,0,0,0,0
1504737695311,0,0,0,0
1504737715309,0,0,0,0
1504737735311,0,0,0,0
1504737755309,0,0,0,0
1504737775308,0,0,0,0
1504737795306,0,0,0,0
1504737815305,0,0,0,0
1504737835303,0,0,0,0
1504737855303,0,0,0,0
1504737875303,0,0,0,0
1504737895303,0,0,0,0
1504737915301,0,0,0,0
1504737935298,0,0,0,0
1504737955298,0,0,0,0
1504737975299,0,0,0,0
1504737995297,0,0,0,0
1504738015295,0,0,0,0
1504738035295,0,0,0,0
1504738055293,0,0,0,0
1504738075292,0,0,0,0
1504738095292,0,0,0,0
1504738115292,0,0,0,0
1504738135289,0,0,0,0
1504738155288,0,0,0,0
1504738175288,0,0,0,0
1504738195287,0,0,0,0
1504738215285,0,0,0,0
1504738235285,0,0,0,0
1504738255284,0,0,0,0
1504738275284,0,0,0,0
1504738295281,0,0,0,0
1504738315281,0,0,0,0
1504738335280,0,0,0,0
1504738355279,0,0,0,0
1504738375278,0,0,0,0
1504738395276,0,0,0,0
1504738415274,0,0,0,0
1504738435273,0,0,0,0
1504738455274,0,0,0,0
1504738475272,0,0,0,0
1504738495270,0,0,0,0
1504738515270,0,0,0,0
1504738535270,0,0,0,0
1504738555269,0,0,0,0
1504738575268,0,0,0,0
1504738595267,0,0,0,0
1504738615267,0,0,0,0
1504738635265,0,0,0,0
1504738655264,0,0,0,0
1504738675263,0,0,0,0
1504738695261,0,0,0,0
1504738715260,0,0,0,0
1504738735260,0,0,0,0
1504738755260,0,0,0,0
1504738775259,0,0,0,0
1504738795258,0,0,0,0
1504738815257,0,0,0,0
1504738835256,0,0,0,0
1504738855255,0,0,0,0
1504738875255,0,0,0,0
1504738895254,0,0,0,0
1504738915253,0,0,0,0
1504738935252,0,0,0,0
1504738955251,0,0,0,0
1504738975250,0,0,0,0
1504738995252,0,0,0,0
1504739015249,0,0,0,0
1504739035248,0,0,0,0
1504739055247,0,0,0,0
1504739075247,0,0,0,0
1504739095247,0,0,0,0
1504739115245,0,0,0,0
1504739135245,0,0,0,0
1504739155243,0,0,0,0
1504739175243,0,0,0,0
1504739195240,0,0,0,0
1504739215242,0,0,0,0
1504739235240,0,0,0,0
1504739255241,0,0,0,0
1504739275239,0,0,0,0
1504739295238,0,0,0,0
1504739315237,0,0,0,0
1504739335237,0,0,0,0
1504739355236,0,0,0,0
1504739375234,0,0,0,0
1504739395234,0,0,0,0
1504739415231,0,0,0,0
1504739435231,0,0,0,0
1504739455230,0,0,0,0
1504739475231,0,0,0,0
1504739495229,0,0,0,0
1504739515229,0,0,0,0
1504739535227,0,0,0,0
1504739555226,0,0,0,0
1504739575226,0,0,0,0
1504739595225,0,0,0,0
1504739615225,0,0,0,0
1504739635224,0,0,0,0
1504739655223,0,0,0,0
1504739675222,0,0,0,0
1504739695220,0,0,0,0
1504739715222,0,0,0,0
1504739735220,0,0,0,0
1504739755218,0,0,0,0
1504739775219,0,0,0,0
1504739795219,0,0,0,0
1504739815217,0,0,0,0
1504739835215,0,0,0,0
1504739855215,0,0,0,0
1504739875213,0,0,0,0
1504739895212,0,0,0,0
1504739915212,0,0,0,0
1504739935212,0,0,0,0
1504739955211,0,0,0,0
1504739975209,0,0,0,0
1504739995209,0,0,0,0
1504740015207,0,0,0,0
1504740035206,0,0,0,0
1504740055208,0,0,0,0
1504740075206,0,0,0,0
1504740095205,0,0,0,0
1504740115204,0,0,0,0
1504740135203,0,0,0,0
1504740155202,0,0,0,0
1504740175204,0,0,0,0
1504740195202,0,0,0,0
1504740215199,0,0,0,0
1504740235200,0,0,0,0
1504740255199,0,0,0,0
1504740275197,0,0,0,0
1504740295196,0,0,0,0
1504740315196,0,0,0,0
1504740335195,0,0,0,0
1504740355194,0,0,0,0
1504740375195,0,0,0,0
1504740395193,0,0,0,0
1504740415192,0,0,0,0
1504740435191,0,0,0,0
1504740455191,0,0,0,0
1504740475190,0,0,0,0
1504740495189,0,0,0,0
1504740515188,0,0,0,0
1504740535189,0,0,0,0
1504740555186,0,0,0,0
1504740575186,0,0,0,0
1504740595185,0,0,0,0
1504740615185,0,0,0,0
1504740635185,0,0,0,0
1504740655183,0,0,0,0
1504740675183,0,0,0,0
1504740695182,0,0,0,0
1504740715180,0,0,0,0
1504740735180,0,0,0,0
1504740755178,0,0,0,0
1504740775180,0,0,0,0
1504740795178,0,0,0,0
1504740815178,0,0,0,0
1504740835177,0,0,0,0
1504740855174,0,0,0,0
1504740875176,0,0,0,0
1504740895174,0,0,0,0
1504740915173,0,0,0,0
1504740935172,0,0,0,0
1504740955171,0,0,0,0
1504740975171,0,0,0,0
1504740995172,0,0,0,0
1504741015169,0,0,0,0
1504741035168,0,0,0,0
1504741055169,0,0,0,0
1504741075168,0,0,0,0
1504741095168,0,0,0,0
1504741115167,0,0,0,0
1504741135165,0,0,0,0
1504741155164,0,0,0,0
1504741175163,0,0,0,0
1504741195164,0,0,0,0
1504741215162,0,0,0,0
1504741235161,0,0,0,0
1504741255162,0,0,0,0
1504741275160,0,0,0,0
1504741295158,0,0,0,0
1504741315158,0,0,0,0
1504741335159,0,0,0,0
1504741355157,0,0,0,0
1504741375156,0,0,0,0
1504741395155,0,0,0,0
1504741415154,0,0,0,0
1504741435153,0,0,0,0
1504741455154,0,0,0,0
1504741475154,0,0,0,0
1504741495151,0,0,0,0
1504741515150,0,0,0,0
1504741535150,0,0,0,0
1504741555149,0,0,0,0
1504741575148,0,0,0,0
1504741595147,0,0,0,0
1504741615146,0,0,0,0
1504741635146,0,0,0,0
1504741655146,0,0,0,0
1504741675146,0,0,0,0
1504741695143,0,0,0,0
1504741715143,0,0,0,0
1504741735142,0,0,0,0
1504741755142,0,0,0,0
1504741775141,0,0,0,0
1504741795141,0,0,0,0
1504741815139,0,0,0,0
1504741835139,0,0,0,0
1504741855137,0,0,0,0
1504741875137,0,0,0,0
1504741895137,0,0,0,0
1504741915136,0,0,0,0
1504741935134,0,0,0,0
1504741955135,0,0,0,0
1504741975133,0,0,0,0
1504741995133,0,0,0,0
1504742015132,0,0,0,0
1504742035131,0,0,0,0
1504742055132,0,0,0,0
1504742075130,0,0,0,0
1504742095129,0,0,0,0
1504742115128,0,0,0,0
1504742135129,0,0,0,0
1504742155126,0,0,0,0
1504742175126,0,0,0,0
1504742195126,0,0,0,0
1504742215125,0,0,0,0
1504742235123,0,0,0,0
1504742255123,0,0,0,0
1504742275122,0,0,0,0
1504742295121,0,0,0,0
1504742315120,0,0,0,0
1504742335120,0,0,0,0
1504742355121,0,0,0,0
1504742375118,0,0,0,0
1504742395117,0,0,0,0
1504742415117,0,0,0,0
1504742435116,0,0,0,0
1504742455116,0,0,0,0
1504742475115,0,0,0,0
1504742495115,0,0,0,0
1504742515113,0,0,0,0
1504742535113,0,0,0,0
1504742555112,0,0,0,0
1504742575112,0,0,0,0
1504742595110,0,0,0,0
1504742615111,0,0,0,0
1504742635110,0,0,0,0
1504742655109,0,0,0,0
1504742675109,0,0,0,0
1504742695106,0,0,0,0
1504742715105,0,0,0,0
1504742735106,0,0,0,0
1504742755103,0,0,0,0
1504742775104,0,0,0,0
1504742795103,0,0,0,0
1504742815101,0,0,0,0
1504742835102,0,0,0,0
1504742855101,0,0,0,0
1504742875101,0,0,0,0
1504742895099,0,0,0,0
1504742915098,0,0,0,0
1504742935098,0,0,0,0
1504742955096,0,0,0,0
1504742975097,0,0,0,0
1504742995094,0,0,0,0
1504743015095,0,0,0,0
1504743035094,0,0,0,0
1504743055093,0,0,0,0
1504743338230,0,0,0,0
1504743343872,0,0,0,0
1504743363872,0,0,0,0
1504744079270,0,0,0,0
1504744097058,0,0,0,0
1504744117069,0,0,0,0
1504744604382,0,0,0,0
1504744620803,0,0,0,0
1504744640812,0,0,0,0
1504744660812,0,0,0,0
1504744680812,0,0,0,0
1504744700811,0,0,0,0
1504744720811,0,0,0,0
1504744740810,0,0,0,0
1504744760809,0,0,0,0
1504744780808,0,0,0,0
1504744800807,0,0,0,0
1504744820806,0,0,0,0
1504744840807,0,0,0,0
1504744860806,0,0,0,0
1504744880804,0,0,0,0
1504744900803,0,0,0,0
1504744920803,0,0,0,0
1504744940802,0,0,0,0
1504744960801,0,0,0,0
1504744980800,0,0,0,0
1504745000800,0,0,0,0
1504745020800,0,0,0,0
1504745040797,0,0,0,0
1504745060798,0,0,0,0
1504745080796,0,0,0,0
1504745100797,0,0,0,0
1504745120795,0,0,0,0
1504745140795,0,0,0,0
1504745160794,0,0,0,0
1504745180792,0,0,0,0
1504745200792,0,0,0,0
1504745220791,0,0,0,0
1504745240790,0,0,0,0
1504745260791,0,0,0,0
1504745280789,0,0,0,0
1504745300790,0,0,0,0
1504745320788,0,0,0,0
1504745340785,0,0,0,0
1504745360788,0,0,0,0
1504745380784,0,0,0,0
1504745400785,0,0,0,0
1504745420783,0,0,0,0
1504745440784,0,0,0,0
1504745460782,0,0,0,0
1504745480781,0,0,0,0
1504745500782,0,0,0,0
1504745520781,0,0,0,0
1504745540780,0,0,0,0
1504745560778,0,0,0,0
1504745580778,0,0,0,0
1504745600777,0,0,0,0
1504745620778,0,0,0,0
1504745640775,0,0,0,0
1504745660776,0,0,0,0
1504745680774,0,0,0,0
1504745700775,0,0,0,0
1504745720772,0,0,0,0
1504745740771,0,0,0,0
1504745760771,0,0,0,0
1504745780771,0,0,0,0
1504745800769,0,0,0,0
1504745820767,0,0,0,0
1504745840767,0,0,0,0
1504745860767,0,0,0,0
1504745880768,0,0,0,0
1504745900767,0,0,0,0
1504745920765,0,0,0,0
1504745940764,0,0,0,0
1504745960763,0,0,0,0
1504745980763,0,0,0,0
1504746000763,0,0,0,0
1504746020761,0,0,0,0
1504746040762,0,0,0,0
1504746060761,0,0,0,0
1504746080758,0,0,0,0
1504746100759,0,0,0,0
1504746120757,0,0,0,0
1504746140756,0,0,0,0
1504746160757,0,0,0,0
1504746180754,0,0,0,0
1504746200754,0,0,0,0
1504746220755,0,0,0,0
1504746240753,0,0,0,0
1504746260752,0,0,0,0
1504746280753,0,0,0,0
1504746300750,0,0,0,0
1504746320750,0,0,0,0
1504746340748,0,0,0,0
1504746360748,0,0,0,0
1504746380746,0,0,0,0
1504746400748,0,0,0,0
1504746420747,0,0,0,0
1504746440746,0,0,0,0
1504746460745,0,0,0,0
1504746480745,0,0,0,0
1504746500742,0,0,0,0
1504746520742,0,0,0,0
1504746540741,0,0,0,0
1504746560740,0,0,0,0
1504746580740,0,0,0,0
1504746600741,0,0,0,0
1504746620738,0,0,0,0
1504746640738,0,0,0,0
1504746660739,0,0,0,0
1504746680736,0,0,0,0
1504746700736,0,0,0,0
1504746720734,0,0,0,0
1504746740734,0,0,0,0
1504746760732,0,0,0,0
1504746780732,0,0,0,0
1504746800731,0,0,0,0
1504746820730,0,0,0,0
1504746840731,0,0,0,0
1504746860730,0,0,0,0
1504746880728,0,0,0,0
1504746900728,0,0,0,0
1504746920727,0,0,0,0
1504746940726,0,0,0,0
1504746960725,0,0,0,0
1504746980724,0,0,0,0
1504747000724,0,0,0,0
1504747020723,0,0,0,0
1504747040722,0,0,0,0
1504747060722,0,0,0,0
1504747080721,0,0,0,0
1504747100721,0,0,0,0
1504747120720,0,0,0,0
1504747140718,0,0,0,0
1504747160717,0,0,0,0
1504747180717,0,0,0,0
1504747200716,0,0,0,0
1504747220716,0,0,0,0
1504747240483,0,0,0,0
1504747260480,0,0,0,0
1504747280479,0,0,0,0
1504747300479,0,0,0,0
1504747320479,0,0,0,0
1504747340476,0,0,0,0
1504747360476,0,0,0,0
1504747380477,0,0,0,0
1504747400475,0,0,0,0
1504747420473,0,0,0,0
1504747440473,0,0,0,0
1504747460472,0,0,0,0
1504747480471,0,0,0,0
1504747500470,0,0,0,0
1504747520470,0,0,0,0
1504747540470,0,0,0,0
1504747560468,0,0,0,0
1504747580467,0,0,0,0
1504747600466,0,0,0,0
1504747620465,0,0,0,0
1504747640466,0,0,0,0
1504747660464,0,0,0,0
1504747680464,0,0,0,0
1504747700465,0,0,0,0
1504747720463,0,0,0,0
1504747740462,0,0,0,0
1504747760460,0,0,0,0
1504747780459,0,0,0,0
1504747800460,0,0,0,0
1504747820459,0,0,0,0
1504747840458,0,0,0,0
1504747860458,0,0,0,0
1504747880457,0,0,0,0
1504747900455,0,0,0,0
1504747920457,0,0,0,0
1504747940455,0,0,0,0
1504747960455,0,0,0,0
1504747980452,0,0,0,0
1504748000453,0,0,0,0
1504748020451,0,0,0,0
1504748040450,0,0,0,0
1504748060451,0,0,0,0
1504748080449,0,0,0,0
1504748100448,0,0,0,0
1504748120448,0,0,0,0
1504748140446,0,0,0,0
1504748160448,0,0,0,0
1504748180444,0,0,0,0
1504748200445,0,0,0,0
1504748220445,0,0,0,0
1504748240444,0,0,0,0
1504748260442,0,0,0,0
1504748280443,0,0,0,0
1504748300440,0,0,0,0
1504748320442,0,0,0,0
1504748340441,0,0,0,0
1504748360438,0,0,0,0
1504748380440,0,0,0,0
1504748400437,0,0,0,0
1504748420436,0,0,0,0
1504748440437,0,0,0,0
1504748460435,0,0,0,0
1504748480435,0,0,0,0
1504748500433,0,0,0,0
1504748520433,0,0,0,0
1504748540432,0,0,0,0
1504748560430,0,0,0,0
1504748580430,0,0,0,0
1504748600430,0,0,0,0
1504748620428,0,0,0,0
1504748640427,0,0,0,0
1504748660429,0,0,0,0
1504748680426,0,0,0,0
1504748700426,0,0,0,0
1504748720425,0,0,0,0
1504748740424,0,0,0,0
1504748760425,0,0,0,0
1504748780424,0,0,0,0
1504748800422,0,0,0,0
1504748820421,0,0,0,0
1504748840421,0,0,0,0
1504748860421,0,0,0,0
1504748880420,0,0,0,0
1504748900417,0,0,0,0
1504748920417,0,0,0,0
1504748940416,0,0,0,0
1504748960416,0,0,0,0
1504748980414,0,0,0,0
1504749000414,0,0,0,0
1504749020414,0,0,0,0
1504749040414,0,0,0,0
1504749060412,0,0,0,0
1504749080412,0,0,0,0
1504749100411,0,0,0,0
1504749120410,0,0,0,0
1504749140410,0,0,0,0
1504749160408,0,0,0,0
1504749180408,0,0,0,0
1504749200405,0,0,0,0
1504749220407,0,0,0,0
1504749240405,0,0,0,0
1504749260404,0,0,0,0
1504749280405,0,0,0,0
1504749300404,0,0,0,0
1504749320401,0,0,0,0
1504749340402,0,0,0,0
1504749360401,0,0,0,0
1504749380399,0,0,0,0
1504749400400,0,0,0,0
1504749420397,0,0,0,0
1504749440398,0,0,0,0
1504749460395,0,0,0,0
1504749480395,0,0,0,0
1504749500396,0,0,0,0
1504749520393,0,0,0,0
1504749540393,0,0,0,0
1504749560394,0,0,0,0
1504749580391,0,0,0,0
1504749600391,0,0,0,0
1504749620392,0,0,0,0
1504749640389,0,0,0,0
1504749660391,0,0,0,0
1504749680388,0,0,0,0
1504749700387,0,0,0,0
1504749720388,0,0,0,0
1504749740386,0,0,0,0
1504749760385,0,0,0,0
1504749780386,0,0,0,0
1504749800384,0,0,0,0
1504749820383,0,0,0,0
1504749840382,0,0,0,0
1504749860382,0,0,0,0
1504749880380,0,0,0,0
1504749900379,0,0,0,0
1504749920380,0,0,0,0
1504749940379,0,0,0,0
1504749960377,0,0,0,0
1504749980377,0,0,0,0
1504750000375,0,0,0,0
1504750020375,0,0,0,0
1504750040374,0,0,0,0
1504750060374,0,0,0,0
1504750080373,0,0,0,0
1504750100372,0,0,0,0
1504750120372,0,0,0,0
1504750140371,0,0,0,0
1504750160371,0,0,0,0
1504750180369,0,0,0,0
1504750200366,0,0,0,0
1504750220366,0,0,0,0
1504750240366,0,0,0,0
1504750260367,0,0,0,0
1504750280364,0,0,0,0
1504750300364,0,0,0,0
1504750320364,0,0,0,0
1504750340362,0,0,0,0
1504750360362,0,0,0,0
1504750380362,0,0,0,0
1504750400360,0,0,0,0
1504750420358,0,0,0,0
1504750440359,0,0,0,0
1504750460358,0,0,0,0
1504750480359,0,0,0,0
1504750500356,0,0,0,0
1504750520356,0,0,0,0
1504750540357,0,0,0,0
1504750560353,0,0,0,0
1504750580353,0,0,0,0
1504750600352,0,0,0,0
1504750620351,0,0,0,0
1504750640352,0,0,0,0
1504750660350,0,0,0,0
1504750680350,0,0,0,0
1504750700348,0,0,0,0
1504750720348,0,0,0,0
1504750740348,0,0,0,0
1504750760346,0,0,0,0
1504750780346,0,0,0,0
1504750800344,0,0,0,0
1504750820343,0,0,0,0
1504750840345,0,0,0,0
1504750860342,0,0,0,0
1504750880342,0,0,0,0
1504750900340,0,0,0,0
1504750920340,0,0,0,0
1504750940341,0,0,0,0
1504750960340,0,0,0,0
1504750980337,0,0,0,0
1504751000339,0,0,0,0
1504751020337,0,0,0,0
1504751040336,0,0,0,0
1504751060335,0,0,0,0
1504751080333,0,0,0,0
1504751100333,0,0,0,0
1504751120332,0,0,0,0
1504751140333,0,0,0,0
1504751160332,0,0,0,0
1504751180329,0,0,0,0
1504751200330,0,0,0,0
1504751220330,0,0,0,0
1504751240328,0,0,0,0
1504751260328,0,0,0,0
1504751280328,0,0,0,0
1504751300326,0,0,0,0
1504751320326,0,0,0,0
1504751340325,0,0,0,0
1504751360324,0,0,0,0
1504751380324,0,0,0,0
1504751400323,0,0,0,0
1504751420321,0,0,0,0
1504751440322,0,0,0,0
1504751460321,0,0,0,0
1504751480320,0,0,0,0
1504751500318,0,0,0,0
1504751520318,0,0,0,0
1504751540317,0,0,0,0
1504751560315,0,0,0,0
1504751580315,0,0,0,0
1504751600316,0,0,0,0
1504751620314,0,0,0,0
1504751640314,0,0,0,0
1504751660313,0,0,0,0
1504751680312,0,0,0,0
1504751700312,0,0,0,0
1504751720310,0,0,0,0
1504751740310,0,0,0,0
1504751760309,0,0,0,0
1504751780309,0,0,0,0
1504751800307,0,0,0,0
1504751820307,0,0,0,0
1504751840307,0,0,0,0
1504751860305,0,0,0,0
1504751880304,0,0,0,0
1504751900303,0,0,0,0
1504751920304,0,0,0,0
1504751940302,0,0,0,0
1504751960302,0,0,0,0
1504751980301,0,0,0,0
1504752000300,0,0,0,0
1504752020298,0,0,0,0
1504752040299,0,0,0,0
1504752060297,0,0,0,0
1504752080296,0,0,0,0
1504752100297,0,0,0,0
1504752120296,0,0,0,0
1504752140295,0,0,0,0
1504752160294,0,0,0,0
1504752180294,0,0,0,0
1504752200291,0,0,0,0
1504752220293,0,0,0,0
1504752240291,0,0,0,0
1504752260290,0,0,0,0
1504752280289,0,0,0,0
1504752300290,0,0,0,0
1504752320288,0,0,0,0
1504752340288,0,0,0,0
1504752360287,0,0,0,0
1504752380286,0,0,0,0
1504752400286,0,0,0,0
1504752420285,0,0,0,0
1504752440284,0,0,0,0
1504752460281,0,0,0,0
1504752480281,0,0,0,0
1504752500282,0,0,0,0
1504752520280,0,0,0,0
1504752540280,0,0,0,0
1504752560280,0,0,0,0
1504752580277,0,0,0,0
1504752600278,0,0,0,0
1504752620275,0,0,0,0
1504752640276,0,0,0,0
1504752660276,0,0,0,0
1504752680273,0,0,0,0
1504752700275,0,0,0,0
1504752720272,0,0,0,0
1504752740271,0,0,0,0
1504752760272,0,0,0,0
1504752780270,0,0,0,0
1504752800270,0,0,0,0
1504752820270,0,0,0,0
1504752840267,0,0,0,0
1504752860268,0,0,0,0
1504752880266,0,0,0,0
1504752900266,0,0,0,0
1504752920266,0,0,0,0
1504752940265,0,0,0,0
1504752960263,0,0,0,0
1504752980261,0,0,0,0
1504753000263,0,0,0,0
1504753020262,0,0,0,0
1504753040259,0,0,0,0
1504753060259,0,0,0,0
1504753080259,0,0,0,0
1504753100257,0,0,0,0
1504753120259,0,0,0,0
1504753140257,0,0,0,0
1504753160255,0,0,0,0
1504753180256,0,0,0,0
1504753200255,0,0,0,0
1504753220253,0,0,0,0
1504753240254,0,0,0,0
1504753260254,0,0,0,0
1504753280251,0,0,0,0
1504753300249,0,0,0,0
1504753320250,0,0,0,0
1504753340249,0,0,0,0
1504753360247,0,0,0,0
1504753380249,0,0,0,0
1504753400248,0,0,0,0
1504753420245,0,0,0,0
1504753440247,0,0,0,0
1504753460244,0,0,0,0
1504753480244,0,0,0,0
1504753500243,0,0,0,0
1504753520244,0,0,0,0
1504753540240,0,0,0,0
1504753560241,0,0,0,0
1504753580242,0,0,0,0
1504753600238,0,0,0,0
1504753620240,0,0,0,0
1504753640237,0,0,0,0
1504753660237,0,0,0,0
1504753680235,0,0,0,0
1504753700237,0,0,0,0
1504753720234,0,0,0,0
1504753740236,0,0,0,0
1504753760233,0,0,0,0
1504753780231,0,0,0,0
1504753800231,0,0,0,0
1504753820231,0,0,0,0
1504753840230,0,0,0,0
1504753860229,0,0,0,0
1504753880229,0,0,0,0
1504753900230,0,0,0,0
1504753920227,0,0,0,0
1504753940227,0,0,0,0
1504753960225,0,0,0,0
1504753980225,0,0,0,0
1504754000226,0,0,0,0
1504754020223,0,0,0,0
1504754040223,0,0,0,0
1504754060221,0,0,0,0
1504754080221,0,0,0,0
1504754100219,0,0,0,0
1504754120219,0,0,0,0
1504754140219,0,0,0,0
1504754160218,0,0,0,0
1504754180217,0,0,0,0
1504754200218,0,0,0,0
1504754220216,0,0,0,0
1504754240216,0,0,0,0
1504754260214,0,0,0,0
1504754280214,0,0,0,0
1504754300215,0,0,0,0
1504754320212,0,0,0,0
1504754340213,0,0,0,0
1504754360211,0,0,0,0
1504754380210,0,0,0,0
1504754400211,0,0,0,0
1504754420211,0,0,0,0
1504754440209,0,0,0,0
1504754460207,0,0,0,0
1504754480209,0,0,0,0
1504754500207,0,0,0,0
1504754520207,0,0,0,0
1504754540207,0,0,0,0
1504754560205,0,0,0,0
1504754580203,0,0,0,0
1504754600204,0,0,0,0
1504754620205,0,0,0,0
1504754640201,0,0,0,0
1504754660201,0,0,0,0
1504754680201,0,0,0,0
1504754700199,0,0,0,0
1504754720200,0,0,0,0
1504754740200,0,0,0,0
1504754760198,0,0,0,0
1504754780199,0,0,0,0
1504754800199,0,0,0,0
1504754820197,0,0,0,0
1504754840197,0,0,0,0
1504754860197,0,0,0,0
1504754880196,0,0,0,0
1504754900196,0,0,0,0
1504754920193,0,0,0,0
1504754940194,0,0,0,0
1504754960195,0,0,0,0
1504754980194,0,0,0,0
1504755000193,0,0,0,0
1504755020193,0,0,0,0
1504755040192,0,0,0,0
1504755060191,0,0,0,0
1504755080189,0,0,0,0
1504755100189,0,0,0,0
1504755120189,0,0,0,0
1504755140188,0,0,0,0
1504755160188,0,0,0,0
1504755180189,0,0,0,0
1504755200186,0,0,0,0
1504755220187,0,0,0,0
1504755240186,0,0,0,0
1504755260185,0,0,0,0
1504755280185,0,0,0,0
1504755300183,0,0,0,0
1504755320181,0,0,0,0
1504755340181,0,0,0,0
1504755360180,0,0,0,0
1504755380182,0,0,0,0
1504755400180,0,0,0,0
1504755420179,0,0,0,0
1504755440181,0,0,0,0
1504755460178,0,0,0,0
1504755480178,0,0,0,0
1504755500177,0,0,0,0
1504755520177,0,0,0,0
1504755540177,0,0,0,0
1504755560176,0,0,0,0
1504755580175,0,0,0,0
1504755600173,0,0,0,0
1504755620175,0,0,0,0
1504755640175,0,0,0,0
1504755660172,0,0,0,0
1504755680173,0,0,0,0
1504755700173,0,0,0,0
1504755720171,0,0,0,0
1504755740169,0,0,0,0
1504755760172,0,0,0,0
1504755780169,0,0,0,0
1504755800170,0,0,0,0
1504755820169,0,0,0,0
1504755840168,0,0,0,0
1504755860167,0,0,0,0
1504755880167,0,0,0,0
1504755900167,0,0,0,0
1504755920167,0,0,0,0
1504755940165,0,0,0,0
1504755960165,0,0,0,0
1504755980165,0,0,0,0
1504756000164,0,0,0,0
1504756020163,0,0,0,0
1504756040161,0,0,0,0
1504756060162,0,0,0,0
1504756080161,0,0,0,0
1504756100159,0,0,0,0
1504756120160,0,0,0,0
1504756140159,0,0,0,0
1504756160158,0,0,0,0
1504756180158,0,0,0,0
1504756200156,0,0,0,0
1504756220156,0,0,0,0
1504756240153,0,0,0,0
1504756260155,0,0,0,0
1504756280154,0,0,0,0
1504756300152,0,0,0,0
1504756320153,0,0,0,0
1504756340150,0,0,0,0
1504756360150,0,0,0,0
1504756380150,0,0,0,0
1504756400150,0,0,0,0
1504756420148,0,0,0,0
1504756440150,0,0,0,0
1504756460147,0,0,0,0
1504756480147,0,0,0,0
1504756500146,0,0,0,0
1504756520146,0,0,0,0
1504756540145,0,0,0,0
1504756560143,0,0,0,0
1504756580144,0,0,0,0
1504756600142,0,0,0,0
1504756620141,0,0,0,0
1504756640142,0,0,0,0
1504756660140,0,0,0,0
1504756680140,0,0,0,0
1504756700140,0,0,0,0
1504756720138,0,0,0,0
1504756740138,0,0,0,0
1504756760138,0,0,0,0
1504756780136,0,0,0,0
1504756800136,0,0,0,0
1504756820136,0,0,0,0
1504756840134,0,0,0,0
1504756860134,0,0,0,0
1504756880134,0,0,0,0
1504756900131,0,0,0,0
1504756920131,0,0,0,0
1504756940130,0,0,0,0
1504756960130,0,0,0,0
1504756980128,0,0,0,0
1504757000128,0,0,0,0
1504757020128,0,0,0,0
1504757040129,0,0,0,0
1504757060127,0,0,0,0
1504757080125,0,0,0,0
1504757100124,0,0,0,0
1504757120125,0,0,0,0
1504757140124,0,0,0,0
1504757160123,0,0,0,0
1504757180123,0,0,0,0
1504757200122,0,0,0,0
1504757220121,0,0,0,0
1504757240120,0,0,0,0
1504757260120,0,0,0,0
1504757280119,0,0,0,0
1504757300119,0,0,0,0
1504757320117,0,0,0,0
1504757340117,0,0,0,0
1504757360116,0,0,0,0
1504757380116,0,0,0,0
1504757400117,0,0,0,0
1504757420113,0,0,0,0
1504757440115,0,0,0,0
1504757460112,0,0,0,0
1504757480114,0,0,0,0
1504757500111,0,0,0,0
1504757520110,0,0,0,0
1504757540110,0,0,0,0
1504757560109,0,0,0,0
1504757580108,0,0,0,0
1504757600109,0,0,0,0
1504757620108,0,0,0,0
1504757640106,0,0,0,0
1504757660107,0,0,0,0
1504757680106,0,0,0,0
1504757700104,0,0,0,0
1504757720106,0,0,0,0
1504757740103,0,0,0,0
1504757760104,0,0,0,0
1504757780101,0,0,0,0
1504757800103,0,0,0,0
1504757820101,0,0,0,0
1504757840099,0,0,0,0
1504757860101,0,0,0,0
1504757880099,0,0,0,0
1504757900097,0,0,0,0
1504757920097,0,0,0,0
1504757940098,0,0,0,0
1504757960096,0,0,0,0
1504757980096,0,0,0,0
1504758000095,0,0,0,0
1504758020094,0,0,0,0
1504758040094,0,0,0,0
1504758060094,0,0,0,0
1504758080092,0,0,0,0
1504758100090,0,0,0,0
1504758120090,0,0,0,0
1504758140090,0,0,0,0
1504758160090,0,0,0,0
1504758180090,0,0,0,0
1504758200088,0,0,0,0
1504758220086,0,0,0,0
1504758240087,0,0,0,0
1504758260087,0,0,0,0
1504758280084,0,0,0,0
1504758300084,0,0,0,0
1504758320083,0,0,0,0
1504758340083,0,0,0,0
1504758360082,0,0,0,0
1504758380082,0,0,0,0
1504758400081,0,0,0,0
1504758420081,0,0,0,0
1504758440080,0,0,0,0
1504758460079,0,0,0,0
1504758480080,0,0,0,0
1504758500078,0,0,0,0
1504758520078,0,0,0,0
1504758540076,0,0,0,0
1504758560076,0,0,0,0
1504758580075,0,0,0,0
1504758600074,0,0,0,0
1504758620074,0,0,0,0
1504758640074,0,0,0,0
1504758660072,0,0,0,0
1504758680072,0,0,0,0
1504758700073,0,0,0,0
1504758720071,0,0,0,0
1504758740069,0,0,0,0
1504758760070,0,0,0,0
1504758780069,0,0,0,0
1504758800069,0,0,0,0
1504758820067,0,0,0,0
1504758840066,0,0,0,0
1504758860065,0,0,0,0
1504758880067,0,0,0,0
1504758900066,0,0,0,0
1504758920064,0,0,0,0
1504758940064,0,0,0,0
1504758960063,0,0,0,0
1504758980062,0,0,0,0
1504759000064,0,0,0,0
1504759020062,0,0,0,0
1504759040060,0,0,0,0
1504759060061,0,0,0,0
1504759080059,0,0,0,0
1504759100059,0,0,0,0
1504759120057,0,0,0,0
1504759140057,0,0,0,0
1504759160057,0,0,0,0
1504759180055,0,0,0,0
1504759200055,0,0,0,0
1504759220054,0,0,0,0
1504759240053,0,0,0,0
1504759260053,0,0,0,0
1504759280053,0,0,0,0
1504759300051,0,0,0,0
1504759320052,0,0,0,0
1504759340050,0,0,0,0
1504759360050,0,0,0,0
1504759380050,0,0,0,0
1504759400047,0,0,0,0
1504759420048,0,0,0,0
1504759440046,0,0,0,0
1504759460048,0,0,0,0
1504759480046,0,0,0,0
1504759500044,0,0,0,0
1504759520043,0,0,0,0
1504759540043,0,0,0,0
1504759560042,0,0,0,0
1504759580041,0,0,0,0
1504759600041,0,0,0,0
1504759620041,0,0,0,0
1504759640039,0,0,0,0
1504759660039,0,0,0,0
1504759680038,0,0,0,0
1504759700036,0,0,0,0
1504759720037,0,0,0,0
1504759740037,0,0,0,0
1504759760035,0,0,0,0
1504759780036,0,0,0,0
1504759800033,0,0,0,0
1504759820033,0,0,0,0
1504759840032,0,0,0,0
1504759860033,0,0,0,0
1504759880031,0,0,0,0
1504759900030,0,0,0,0
1504759920030,0,0,0,0
1504759940029,0,0,0,0
1504759960028,0,0,0,0
1504759980027,0,0,0,0
1504760000018,0,0,0,0
1504760020027,0,0,0,0
1504760040025,0,0,0,0
1504760060024,0,0,0,0
1504760080023,0,0,0,0
1504760100022,0,0,0,0
1504760120023,0,0,0,0
1504760140021,0,0,0,0
1504760160020,0,0,0,0
1504760180021,0,0,0,0
1504760200019,0,0,0,0
1504760220020,0,0,0,0
1504760240018,0,0,0,0
1504760260017,0,0,0,0
1504760280016,0,0,0,0
1504760300016,0,0,0,0
1504760320015,0,0,0,0
1504760340014,0,0,0,0
1504760360016,0,0,0,0
1504760380014,0,0,0,0
1504760400013,0,0,0,0
1504760420013,0,0,0,0
1504760440012,0,0,0,0
1504760460010,0,0,0,0
1504760480009,0,0,0,0
1504760500008,0,0,0,0
1504760520009,0,0,0,0
1504760540008,0,0,0,0
1504760560006,0,0,0,0
1504760580005,0,0,0,0
1504760600006,0,0,0,0
1504760620004,0,0,0,0
1504760640005,0,0,0,0
1504760660005,0,0,0,0
1504760680002,0,0,0,0
1504760700003,0,0,0,0
1504760720000,0,0,0,0
1504760740000,0,0,0,0
1504760759999,0,0,0,0
1504760779999,0,0,0,0
1504760799998,0,0,0,0
1504760819999,0,0,0,0
1504760839997,0,0,0,0
1504760859997,0,0,0,0
1504760879997,0,0,0,0
1504760899995,0,0,0,0
1504760919995,0,0,0,0
1504760939993,0,0,0,0
1504760959993,0,0,0,0
1504760979993,0,0,0,0
1504760999990,0,0,0,0
1504761019990,0,0,0,0
1504761039989,0,0,0,0
1504761059989,0,0,0,0
1504761079987,0,0,0,0
1504761099987,0,0,0,0
1504761119987,0,0,0,0
1504761139987,0,0,0,0
1504761159984,0,0,0,0
1504761179984,0,0,0,0
1504761199983,0,0,0,0
1504761219982,0,0,0,0
1504761239983,0,0,0,0
1504761259981,0,0,0,0
1504761279982,0,0,0,0
1504761299981,0,0,0,0
1504761319979,0,0,0,0
1504761339980,0,0,0,0
1504761359977,0,0,0,0
1504761379977,0,0,0,0
1504761399975,0,0,0,0
1504761419975,0,0,0,0
1504761439975,0,0,0,0
1504761459973,0,0,0,0
1504761479974,0,0,0,0
1504761499973,0,0,0,0
1504761519971,0,0,0,0
1504761539972,0,0,0,0
1504761559971,0,0,0,0
1504761579969,0,0,0,0
1504761599969,0,0,0,0
1504761619967,0,0,0,0
1504761639967,0,0,0,0
1504761659966,0,0,0,0
1504761679967,0,0,0,0
1504761699965,0,0,0,0
1504761719964,0,0,0,0
1504761739963,0,0,0,0
1504761759964,0,0,0,0
1504761779962,0,0,0,0
1504761799962,0,0,0,0
1504761819961,0,0,0,0
1504761839961,0,0,0,0
1504761859960,0,0,0,0
1504761879960,0,0,0,0
1504761899957,0,0,0,0
1504761919958,0,0,0,0
1504761939956,0,0,0,0
1504761959955,0,0,0,0
1504761979955,0,0,0,0
1504761999953,0,0,0,0
1504762019953,0,0,0,0
1504762039952,0,0,0,0
1504762059952,0,0,0,0
1504762079952,0,0,0,0
1504762099950,0,0,0,0
1504762119950,0,0,0,0
1504762139950,0,0,0,0
1504762159947,0,0,0,0
1504762179948,0,0,0,0
1504762199948,0,0,0,0
1504762219948,0,0,0,0
1504762239945,0,0,0,0
1504762259944,0,0,0,0
1504762279944,0,0,0,0
1504762299944,0,0,0,0
1504762319942,0,0,0,0
1504762339942,0,0,0,0
1504762359941,0,0,0,0
1504762379940,0,0,0,0
1504762399940,0,0,0,0
1504762419938,0,0,0,0
1504762439938,0,0,0,0
1504762459938,0,0,0,0
1504762479936,0,0,0,0
1504762499936,0,0,0,0
1504762519935,0,0,0,0
1504762539934,0,0,0,0
1504762559935,0,0,0,0
1504762579935,0,0,0,0
1504762599932,0,0,0,0
1504762619931,0,0,0,0
1504762639933,0,0,0,0
1504762659931,0,0,0,0
1504762679929,0,0,0,0
1504762699929,0,0,0,0
1504762719929,0,0,0,0
1504762739927,0,0,0,0
1504762759928,0,0,0,0
1504762779927,0,0,0,0
1504762799928,0,0,0,0
1504762819926,0,0,0,0
1504762839926,0,0,0,0
1504762859924,0,0,0,0
1504762879924,0,0,0,0
1504762899922,0,0,0,0
1504762919921,0,0,0,0
1504762939921,0,0,0,0
1504762959920,0,0,0,0
1504762979921,0,0,0,0
1504762999921,0,0,0,0
1504763019918,0,0,0,0
1504763039918,0,0,0,0
1504763059916,0,0,0,0
1504763079916,0,0,0,0
1504763099916,0,0,0,0
1504763119914,0,0,0,0
1504763139914,0,0,0,0
1504763159913,0,0,0,0
1504763179915,0,0,0,0
1504763199911,0,0,0,0
1504763219911,0,0,0,0
1504763239910,0,0,0,0
1504763259910,0,0,0,0
1504763279909,0,0,0,0
1504763299908,0,0,0,0
1504763319900,0,0,0,0
1504763339906,0,0,0,0
1504763359907,0,0,0,0
1504763379907,0,0,0,0
1504763399906,0,0,0,0
1504763419905,0,0,0,0
1504763439903,0,0,0,0
1504763459904,0,0,0,0
1504763479904,0,0,0,0
1504763499901,0,0,0,0
1504763519900,0,0,0,0
1504763539902,0,0,0,0
1504763559899,0,0,0,0
1504763579900,0,0,0,0
1504763599897,0,0,0,0
1504763619897,0,0,0,0
1504763639896,0,0,0,0
1504763659895,0,0,0,0
1504763679896,0,0,0,0
1504763699894,0,0,0,0
1504763719895,0,0,0,0
1504763739893,0,0,0,0
1504763759891,0,0,0,0
1504763779893,0,0,0,0
1504763799892,0,0,0,0
1504763819891,0,0,0,0
1504763839890,0,0,0,0
1504763859888,0,0,0,0
1504763879888,0,0,0,0
1504763899888,0,0,0,0
1504763919886,0,0,0,0
1504763939886,0,0,0,0
1504763959884,0,0,0,0
1504763979884,0,0,0,0
1504763999884,0,0,0,0
1504764019882,0,0,0,0
1504764039883,0,0,0,0
1504764059882,0,0,0,0
1504764079880,0,0,0,0
1504764099879,0,0,0,0
1504764119880,0,0,0,0
1504764139878,0,0,0,0
1504764159877,0,0,0,0
1504764179876,0,0,0,0
1504764199876,0,0,0,0
1504764219877,0,0,0,0
1504764239875,0,0,0,0
1504764259873,0,0,0,0
1504764279872,0,0,0,0
1504764299873,0,0,0,0
1504764319872,0,0,0,0
1504764339870,0,0,0,0
1504764359870,0,0,0,0
1504764379870,0,0,0,0
1504764399869,0,0,0,0
1504764419870,0,0,0,0
1504764439869,0,0,0,0
1504764459866,0,0,0,0
1504764479868,0,0,0,0
1504764499865,0,0,0,0
1504764519864,0,0,0,0
1504764539865,0,0,0,0
1504764559863,0,0,0,0
1504764579863,0,0,0,0
1504764599861,0,0,0,0
1504764619862,0,0,0,0
1504764639861,0,0,0,0
1504764659859,0,0,0,0
1504764679858,0,0,0,0
1504764699859,0,0,0,0
1504764719857,0,0,0,0
1504764739856,0,0,0,0
1504764759857,0,0,0,0
1504764779855,0,0,0,0
1504764799856,0,0,0,0
1504764819853,0,0,0,0
1504764839853,0,0,0,0
1504764859853,0,0,0,0
1504764879853,0,0,0,0
1504764899851,0,0,0,0
1504764919852,0,0,0,0
1504764939851,0,0,0,0
1504764959849,0,0,0,0
1504764979848,0,0,0,0
1504764999849,0,0,0,0
1504765019848,0,0,0,0
1504765039846,0,0,0,0
1504765059847,0,0,0,0
1504765079844,0,0,0,0
1504765099844,0,0,0,0
1504765119844,0,0,0,0
1504765139844,0,0,0,0
1504765159842,0,0,0,0
1504765179843,0,0,0,0
1504765199842,0,0,0,0
1504765219840,0,0,0,0
1504765239841,0,0,0,0
1504765259840,0,0,0,0
1504765279838,0,0,0,0
1504765299837,0,0,0,0
1504765319836,0,0,0,0
1504765339837,0,0,0,0
1504765359834,0,0,0,0
1504765379834,0,0,0,0
1504765399835,0,0,0,0
1504765419833,0,0,0,0
1504765439833,0,0,0,0
1504765459831,0,0,0,0
1504765479831,0,0,0,0
1504765499830,0,0,0,0
1504765519829,0,0,0,0
1504765539829,0,0,0,0
1504765559828,0,0,0,0
1504765579827,0,0,0,0
1504765599827,0,0,0,0
1504765619827,0,0,0,0
1504765639827,0,0,0,0
1504765659825,0,0,0,0
1504765679823,0,0,0,0
1504765699823,0,0,0,0
1504765719824,0,0,0,0
1504765739821,0,0,0,0
1504765759821,0,0,0,0
1504765779820,0,0,0,0
1504765799819,0,0,0,0
1504765819818,0,0,0,0
1504765839819,0,0,0,0
1504765859817,0,0,0,0
1504765879817,0,0,0,0
1504765899816,0,0,0,0
1504765919816,0,0,0,0
1504765939814,0,0,0,0
1504765959814,0,0,0,0
1504765979814,0,0,0,0
1504765999815,0,0,0,0
1504766019812,0,0,0,0
1504766039813,0,0,0,0
1504766059810,0,0,0,0
1504766079810,0,0,0,0
1504766099810,0,0,0,0
1504766119808,0,0,0,0
1504766139809,0,0,0,0
1504766159809,0,0,0,0
1504766179807,0,0,0,0
1504766199806,0,0,0,0
1504766219806,0,0,0,0
1504766239805,0,0,0,0
1504766259804,0,0,0,0
1504766279802,0,0,0,0
1504766299803,0,0,0,0
1504766319801,0,0,0,0
1504766339800,0,0,0,0
1504766359800,0,0,0,0
1504766379799,0,0,0,0
1504766399799,0,0,0,0
1504766419798,0,0,0,0
1504766439797,0,0,0,0
1504766459797,0,0,0,0
1504766479797,0,0,0,0
1504766499795,0,0,0,0
1504766519794,0,0,0,0
1504766539793,0,0,0,0
1504766559794,0,0,0,0
1504766579792,0,0,0,0
1504766599792,0,0,0,0
1504766619790,0,0,0,0
1504766639790,0,0,0,0
1504766659789,0,0,0,0
1504766679788,0,0,0,0
1504766699789,0,0,0,0
1504766719786,0,0,0,0
1504766739786,0,0,0,0
1504766759786,0,0,0,0
1504766779786,0,0,0,0
1504766799785,0,0,0,0
1504766819783,0,0,0,0
1504766839784,0,0,0,0
1504766859783,0,0,0,0
1504766879783,0,0,0,0
1504766899781,0,0,0,0
1504766919779,0,0,0,0
1504766939779,0,0,0,0
1504766959780,0,0,0,0
1504766979779,0,0,0,0
1504766999777,0,0,0,0
1504767019775,0,0,0,0
1504767039778,0,0,0,0
1504767059776,0,0,0,0
1504767079776,0,0,0,0
1504767099773,0,0,0,0
1504767119772,0,0,0,0
1504767139762,0,0,0,0
1504767159771,0,0,0,0
1504767179771,0,0,0,0
1504767199771,0,0,0,0
1504767219770,0,0,0,0
1504767239769,0,0,0,0
1504767259768,0,0,0,0
1504767279767,0,0,0,0
1504767299767,0,0,0,0
1504767319765,0,0,0,0
1504767339765,0,0,0,0
1504767359764,0,0,0,0
1504767379764,0,0,0,0
1504767399763,0,0,0,0
1504767419763,0,0,0,0
1504767439763,0,0,0,0
1504767459762,0,0,0,0
1504767479760,0,0,0,0
1504767499759,0,0,0,0
1504767519760,0,0,0,0
1504767539758,0,0,0,0
1504767559758,0,0,0,0
1504767579757,0,0,0,0
1504767599756,0,0,0,0
1504767619756,0,0,0,0
1504767639754,0,0,0,0
1504767659755,0,0,0,0
1504767679753,0,0,0,0
1504767699753,0,0,0,0
1504767719753,0,0,0,0
1504767739752,0,0,0,0
1504767759750,0,0,0,0
1504767779749,0,0,0,0
1504767799749,0,0,0,0
1504767819748,0,0,0,0
1504767839747,0,0,0,0
1504767859746,0,0,0,0
1504767879736,0,0,0,0
1504767899745,0,0,0,0
1504767919744,0,0,0,0
1504767939744,0,0,0,0
1504767959743,0,0,0,0
1504767979741,0,0,0,0
1504767999743,0,0,0,0
1504768019740,0,0,0,0
1504768039740,0,0,0,0
1504768059738,0,0,0,0
1504768079739,0,0,0,0
1504768099738,0,0,0,0
1504768119737,0,0,0,0
1504768139735,0,0,0,0
1504768159737,0,0,0,0
1504768179734,0,0,0,0
1504768199734,0,0,0,0
1504768219734,0,0,0,0
1504768239734,0,0,0,0
1504768259731,0,0,0,0
1504768279731,0,0,0,0
1504768299732,0,0,0,0
1504768319731,0,0,0,0
1504768339730,0,0,0,0
1504768359728,0,0,0,0
1504768379727,0,0,0,0
1504768399728,0,0,0,0
1504768419725,0,0,0,0
1504768439727,0,0,0,0
1504768459724,0,0,0,0
1504768479724,0,0,0,0
1504768499724,0,0,0,0
1504768519722,0,0,0,0
1504768539722,0,0,0,0
1504768559723,0,0,0,0
1504768579719,0,0,0,0
1504768599718,0,0,0,0
1504768619720,0,0,0,0
1504768639718,0,0,0,0
1504768659717,0,0,0,0
1504768679717,0,0,0,0
1504768699715,0,0,0,0
1504768719716,0,0,0,0
1504768739715,0,0,0,0
1504768759713,0,0,0,0
1504768779715,0,0,0,0
1504768799713,0,0,0,0
1504768819712,0,0,0,0
1504768839711,0,0,0,0
1504768859710,0,0,0,0
1504768879710,0,0,0,0
1504768899709,0,0,0,0
1504768919708,0,0,0,0
1504768939707,0,0,0,0
1504768959707,0,0,0,0
1504768979706,0,0,0,0
1504768999705,0,0,0,0
1504769019706,0,0,0,0
1504769039705,0,0,0,0
1504769059702,0,0,0,0
1504769079703,0,0,0,0
1504769099703,0,0,0,0
1504769119700,0,0,0,0
1504769139700,0,0,0,0
1504769159701,0,0,0,0
1504769179699,0,0,0,0
1504769199698,0,0,0,0
1504769219698,0,0,0,0
1504769239696,0,0,0,0
1504769259696,0,0,0,0
1504769279696,0,0,0,0
1504769299695,0,0,0,0
1504769319693,0,0,0,0
1504769339694,0,0,0,0
1504769359692,0,0,0,0
1504769379691,0,0,0,0
1504769399691,0,0,0,0
1504769419689,0,0,0,0
1504769439691,0,0,0,0
1504769459688,0,0,0,0
1504769479689,0,0,0,0
1504769499687,0,0,0,0
1504769519686,0,0,0,0
1504769539685,0,0,0,0
1504769559685,0,0,0,0
1504769579685,0,0,0,0
1504769599683,0,0,0,0
1504769619682,0,0,0,0
1504769639682,0,0,0,0
1504769659681,0,0,0,0
1504769679680,0,0,0,0
1504769699680,0,0,0,0
1504769719679,0,0,0,0
1504769739679,0,0,0,0
1504769759678,0,0,0,0
1504769779677,0,0,0,0
1504769799675,0,0,0,0
1504769819676,0,0,0,0
1504769839675,0,0,0,0
1504769859674,0,0,0,0
1504769879674,0,0,0,0
1504769899672,0,0,0,0
1504769919672,0,0,0,0
1504769939671,0,0,0,0
1504769959670,0,0,0,0
1504769979670,0,0,0,0
1504769999669,0,0,0,0
1504770019668,0,0,0,0
1504770039667,0,0,0,0
1504770059666,0,0,0,0
1504770079667,0,0,0,0
1504770099665,0,0,0,0
1504770119665,0,0,0,0
1504770139663,0,0,0,0
1504770159662,0,0,0,0
1504770179664,0,0,0,0
1504770199663,0,0,0,0
1504770219661,0,0,0,0
1504770239661,0,0,0,0
1504770259659,0,0,0,0
1504770279659,0,0,0,0
1504770299659,0,0,0,0
1504770319658,0,0,0,0
1504770339657,0,0,0,0
1504770359656,0,0,0,0
1504770379654,0,0,0,0
1504770399655,0,0,0,0
1504770419653,0,0,0,0
1504770439652,0,0,0,0
1504770459653,0,0,0,0
1504770479651,0,0,0,0
1504770499650,0,0,0,0
1504770519651,0,0,0,0
1504770539650,0,0,0,0
1504770559648,0,0,0,0
1504770579647,0,0,0,0
1504770599647,0,0,0,0
1504770619648,0,0,0,0
1504770639647,0,0,0,0
1504770659646,0,0,0,0
1504770679644,0,0,0,0
1504770699645,0,0,0,0
1504770719644,0,0,0,0
1504770739641,0,0,0,0
1504770759642,0,0,0,0
1504770779642,0,0,0,0
1504770799639,0,0,0,0
1504770819639,0,0,0,0
1504770839640,0,0,0,0
1504770859638,0,0,0,0
1504770879637,0,0,0,0
1504770899638,0,0,0,0
1504770919636,0,0,0,0
1504770939634,0,0,0,0
1504770959634,0,0,0,0
1504770979634,0,0,0,0
1504770999634,0,0,0,0
1504771019632,0,0,0,0
1504771039632,0,0,0,0
1504771059631,0,0,0,0
1504771079632,0,0,0,0
1504771099628,0,0,0,0
1504771119628,0,0,0,0
1504771139630,0,0,0,0
1504771159626,0,0,0,0
1504771179627,0,0,0,0
1504771199625,0,0,0,0
1504771219625,0,0,0,0
1504771239625,0,0,0,0
1504771259623,0,0,0,0
1504771279623,0,0,0,0
1504771299623,0,0,0,0
1504771319620,0,0,0,0
1504771339621,0,0,0,0
1504771359621,0,0,0,0
1504771379618,0,0,0,0
1504771399619,0,0,0,0
1504771419618,0,0,0,0
1504771439616,0,0,0,0
1504771459617,0,0,0,0
1504771479615,0,0,0,0
1504771499615,0,0,0,0
1504771519614,0,0,0,0
1504771539614,0,0,0,0
1504771559613,0,0,0,0
1504771579613,0,0,0,0
1504771599612,0,0,0,0
1504771619611,0,0,0,0
1504771639611,0,0,0,0
1504771659608,0,0,0,0
1504771679609,0,0,0,0
1504771699609,0,0,0,0
1504771719607,0,0,0,0
1504771739608,0,0,0,0
1504771759605,0,0,0,0
1504771779605,0,0,0,0
1504771799604,0,0,0,0
1504771819603,0,0,0,0
1504771839604,0,0,0,0
1504771859603,0,0,0,0
1504771879601,0,0,0,0
1504771899601,0,0,0,0
1504771919599,0,0,0,0
1504771939600,0,0,0,0
1504771959600,0,0,0,0
1504771979599,0,0,0,0
1504771999598,0,0,0,0
1504772019595,0,0,0,0
1504772039597,0,0,0,0
1504772059595,0,0,0,0
1504772079593,0,0,0,0
1504772099593,0,0,0,0
1504772119594,0,0,0,0
1504772139592,0,0,0,0
1504772159593,0,0,0,0
1504772179590,0,0,0,0
1504772199591,0,0,0,0
1504772219590,0,0,0,0
1504772239589,0,0,0,0
1504772259587,0,0,0,0
1504772279586,0,0,0,0
1504772299588,0,0,0,0
1504772319586,0,0,0,0
1504772339586,0,0,0,0
1504772359585,0,0,0,0
1504772379584,0,0,0,0
1504772399582,0,0,0,0
1504772419581,0,0,0,0
1504772439583,0,0,0,0
1504772459580,0,0,0,0
1504772479579,0,0,0,0
1504772499579,0,0,0,0
1504772519578,0,0,0,0
1504772539578,0,0,0,0
1504772559576,0,0,0,0
1504772579577,0,0,0,0
1504772599574,0,0,0,0
1504772619576,0,0,0,0
1504772639573,0,0,0,0
1504772659572,0,0,0,0
1504772679572,0,0,0,0
1504772699571,0,0,0,0
1504772719570,0,0,0,0
1504772739571,0,0,0,0
1504772759569,0,0,0,0
1504772779569,99,49,105,0
